{"cameraMode":{"drawMode":0,"name":"Shaded","section":"Shading Mode"},"sceneLighting":true,"audioPlay":false,"sceneViewState":{"m_AlwaysRefresh":false,"showFog":true,"showSkybox":true,"showFlares":true,"showImageEffects":true,"showParticleSystems":true,"showVisualEffectGraphs":true,"m_FxEnabled":true},"in2DMode":false,"pivot":{"x":-3.004011631011963,"y":0.2399536818265915,"z":-3.001041889190674},"rotation":{"x":-0.6772855520248413,"y":0.04560930281877518,"z":-0.042082805186510089,"w":-0.733148455619812},"size":0.07263358682394028,"orthographic":false}